country,code2,code3,coden,region_code,subregion_code
Afghanistan,AF,AFG,4,142,34
Åland Islands,AX,ALA,248,150,154
Albania,AL,ALB,8,150,39
Algeria,DZ,DZA,12,2,15
American Samoa,AS,ASM,16,9,61
Andorra,AD,AND,20,150,39
Angola,AO,AGO,24,2,202
Anguilla,AI,AIA,660,19,419
Antarctica,AQ,ATA,10,,
Antigua and Barbuda,AG,ATG,28,19,419
Argentina,AR,ARG,32,19,419
Armenia,AM,ARM,51,142,145
Aruba,AW,ABW,533,19,419
Australia,AU,AUS,36,9,53
Austria,AT,AUT,40,150,155
Azerbaijan,AZ,AZE,31,142,145
Bahamas,BS,BHS,44,19,419
Bahrain,BH,BHR,48,142,145
Bangladesh,BD,BGD,50,142,34
Barbados,BB,BRB,52,19,419
Belarus,BY,BLR,112,150,151
Belgium,BE,BEL,56,150,155
Belize,BZ,BLZ,84,19,419
Benin,BJ,BEN,204,2,202
Bermuda,BM,BMU,60,19,21
Bhutan,BT,BTN,64,142,34
Bolivia (Plurinational State of),BO,BOL,68,19,419
Bonaire, Sint Eustatius and Saba,BQ,BES,535,19,419
Bosnia and Herzegovina,BA,BIH,70,150,39
Botswana,BW,BWA,72,2,202
Bouvet Island,BV,BVT,74,19,419
Brazil,BR,BRA,76,19,419
British Indian Ocean Territory,IO,IOT,86,2,202
Brunei Darussalam,BN,BRN,96,142,35
Bulgaria,BG,BGR,100,150,151
Burkina Faso,BF,BFA,854,2,202
Burundi,BI,BDI,108,2,202
Cabo Verde,CV,CPV,132,2,202
Cambodia,KH,KHM,116,142,35
Cameroon,CM,CMR,120,2,202
Canada,CA,CAN,124,19,21
Cayman Islands,KY,CYM,136,19,419
Central African Republic,CF,CAF,140,2,202
Chad,TD,TCD,148,2,202
Chile,CL,CHL,152,19,419
China,CN,CHN,156,142,30
Christmas Island,CX,CXR,162,9,53
Cocos (Keeling) Islands,CC,CCK,166,9,53
Colombia,CO,COL,170,19,419
Comoros,KM,COM,174,2,202
Congo,CG,COG,178,2,202
Congo, Democratic Republic of the,CD,COD,180,2,202
Cook Islands,CK,COK,184,9,61
Costa Rica,CR,CRI,188,19,419
Côte d'Ivoire,CI,CIV,384,2,202
Croatia,HR,HRV,191,150,39
Cuba,CU,CUB,192,19,419
Curaçao,CW,CUW,531,19,419
Cyprus,CY,CYP,196,142,145
Czechia,CZ,CZE,203,150,151
Denmark,DK,DNK,208,150,154
Djibouti,DJ,DJI,262,2,202
Dominica,DM,DMA,212,19,419
Dominican Republic,DO,DOM,214,19,419
Ecuador,EC,ECU,218,19,419
Egypt,EG,EGY,818,2,15
El Salvador,SV,SLV,222,19,419
Equatorial Guinea,GQ,GNQ,226,2,202
Eritrea,ER,ERI,232,2,202
Estonia,EE,EST,233,150,154
Eswatini,SZ,SWZ,748,2,202
Ethiopia,ET,ETH,231,2,202
Falkland Islands (Malvinas),FK,FLK,238,19,419
Faroe Islands,FO,FRO,234,150,154
Fiji,FJ,FJI,242,9,54
Finland,FI,FIN,246,150,154
France,FR,FRA,250,150,155
French Guiana,GF,GUF,254,19,419
French Polynesia,PF,PYF,258,9,61
French Southern Territories,TF,ATF,260,2,202
Gabon,GA,GAB,266,2,202
Gambia,GM,GMB,270,2,202
Georgia,GE,GEO,268,142,145
Germany,DE,DEU,276,150,155
Ghana,GH,GHA,288,2,202
Gibraltar,GI,GIB,292,150,39
Greece,GR,GRC,300,150,39
Greenland,GL,GRL,304,19,21
Grenada,GD,GRD,308,19,419
Guadeloupe,GP,GLP,312,19,419
Guam,GU,GUM,316,9,57
Guatemala,GT,GTM,320,19,419
Guernsey,GG,GGY,831,150,154
Guinea,GN,GIN,324,2,202
Guinea-Bissau,GW,GNB,624,2,202
Guyana,GY,GUY,328,19,419
Haiti,HT,HTI,332,19,419
Heard Island and McDonald Islands,HM,HMD,334,9,53
Holy See,VA,VAT,336,150,39
Honduras,HN,HND,340,19,419
Hong Kong,HK,HKG,344,142,30
Hungary,HU,HUN,348,150,151
Iceland,IS,ISL,352,150,154
India,IN,IND,356,142,34
Indonesia,ID,IDN,360,142,35
Iran (Islamic Republic of),IR,IRN,364,142,34
Iraq,IQ,IRQ,368,142,145
Ireland,IE,IRL,372,150,154
Isle of Man,IM,IMN,833,150,154
Israel,IL,ISR,376,142,145
Italy,IT,ITA,380,150,39
Jamaica,JM,JAM,388,19,419
Japan,JP,JPN,392,142,30
Jersey,JE,JEY,832,150,154
Jordan,JO,JOR,400,142,145
Kazakhstan,KZ,KAZ,398,142,143
Kenya,KE,KEN,404,2,202
Kiribati,KI,KIR,296,9,57
Korea (Democratic People's Republic of),KP,PRK,408,142,30
Korea, Republic of,KR,KOR,410,142,30
Kuwait,KW,KWT,414,142,145
Kyrgyzstan,KG,KGZ,417,142,143
Lao People's Democratic Republic,LA,LAO,418,142,35
Latvia,LV,LVA,428,150,154
Lebanon,LB,LBN,422,142,145
Lesotho,LS,LSO,426,2,202
Liberia,LR,LBR,430,2,202
Libya,LY,LBY,434,2,15
Liechtenstein,LI,LIE,438,150,155
Lithuania,LT,LTU,440,150,154
Luxembourg,LU,LUX,442,150,155
Macao,MO,MAC,446,142,30
Madagascar,MG,MDG,450,2,202
Malawi,MW,MWI,454,2,202
Malaysia,MY,MYS,458,142,35
Maldives,MV,MDV,462,142,34
Mali,ML,MLI,466,2,202
Malta,MT,MLT,470,150,39
Marshall Islands,MH,MHL,584,9,57
Martinique,MQ,MTQ,474,19,419
Mauritania,MR,MRT,478,2,202
Mauritius,MU,MUS,480,2,202
Mayotte,YT,MYT,175,2,202
Mexico,MX,MEX,484,19,419
Micronesia (Federated States of),FM,FSM,583,9,57
Moldova, Republic of,MD,MDA,498,150,151
Monaco,MC,MCO,492,150,155
Mongolia,MN,MNG,496,142,30
Montenegro,ME,MNE,499,150,39
Montserrat,MS,MSR,500,19,419
Morocco,MA,MAR,504,2,15
Mozambique,MZ,MOZ,508,2,202
Myanmar,MM,MMR,104,142,35
Namibia,NA,NAM,516,2,202
Nauru,NR,NRU,520,9,57
Nepal,NP,NPL,524,142,34
Netherlands,NL,NLD,528,150,155
New Caledonia,NC,NCL,540,9,54
New Zealand,NZ,NZL,554,9,53
Nicaragua,NI,NIC,558,19,419
Niger,NE,NER,562,2,202
Nigeria,NG,NGA,566,2,202
Niue,NU,NIU,570,9,61
Norfolk Island,NF,NFK,574,9,53
Northern Mariana Islands,MP,MNP,580,9,57
North Macedonia,MK,MKD,807,150,39
Norway,NO,NOR,578,150,154
Oman,OM,OMN,512,142,145
Pakistan,PK,PAK,586,142,34
Palau,PW,PLW,585,9,57
Palestine, State of,PS,PSE,275,142,145
Panama,PA,PAN,591,19,419
Papua New Guinea,PG,PNG,598,9,54
Paraguay,PY,PRY,600,19,419
Peru,PE,PER,604,19,419
Philippines,PH,PHL,608,142,35
Pitcairn,PN,PCN,612,9,61
Poland,PL,POL,616,150,151
Portugal,PT,PRT,620,150,39
Puerto Rico,PR,PRI,630,19,419
Qatar,QA,QAT,634,142,145
Réunion,RE,REU,638,2,202
Romania,RO,ROU,642,150,151
Russian Federation,RU,RUS,643,150,151
Rwanda,RW,RWA,646,2,202
Saint Barthélemy,BL,BLM,652,19,419
Saint Helena, Ascension and Tristan da Cunha,SH,SHN,654,2,202
Saint Kitts and Nevis,KN,KNA,659,19,419
Saint Lucia,LC,LCA,662,19,419
Saint Martin (French part),MF,MAF,663,19,419
Saint Pierre and Miquelon,PM,SPM,666,19,21
Saint Vincent and the Grenadines,VC,VCT,670,19,419
Samoa,WS,WSM,882,9,61
San Marino,SM,SMR,674,150,39
Sao Tome and Principe,ST,STP,678,2,202
Saudi Arabia,SA,SAU,682,142,145
Senegal,SN,SEN,686,2,202
Serbia,RS,SRB,688,150,39
Seychelles,SC,SYC,690,2,202
Sierra Leone,SL,SLE,694,2,202
Singapore,SG,SGP,702,142,35
Sint Maarten (Dutch part),SX,SXM,534,19,419
Slovakia,SK,SVK,703,150,151
Slovenia,SI,SVN,705,150,39
Solomon Islands,SB,SLB,90,9,54
Somalia,SO,SOM,706,2,202
South Africa,ZA,ZAF,710,2,202
South Georgia and the South Sandwich Islands,GS,SGS,239,19,419
South Sudan,SS,SSD,728,2,202
Spain,ES,ESP,724,150,39
Sri Lanka,LK,LKA,144,142,34
Sudan,SD,SDN,729,2,15
Suriname,SR,SUR,740,19,419
Svalbard and Jan Mayen,SJ,SJM,744,150,154
Sweden,SE,SWE,752,150,154
Switzerland,CH,CHE,756,150,155
Syrian Arab Republic,SY,SYR,760,142,145
Taiwan, Province of China,TW,TWN,158,142,30
Tajikistan,TJ,TJK,762,142,143
Tanzania, United Republic of,TZ,TZA,834,2,202
Thailand,TH,THA,764,142,35
Timor-Leste,TL,TLS,626,142,35
Togo,TG,TGO,768,2,202
Tokelau,TK,TKL,772,9,61
Tonga,TO,TON,776,9,61
Trinidad and Tobago,TT,TTO,780,19,419
Tunisia,TN,TUN,788,2,15
Turkey,TR,TUR,792,142,145
Turkmenistan,TM,TKM,795,142,143
Turks and Caicos Islands,TC,TCA,796,19,419
Tuvalu,TV,TUV,798,9,61
Uganda,UG,UGA,800,2,202
Ukraine,UA,UKR,804,150,151
United Arab Emirates,AE,ARE,784,142,145
United Kingdom of Great Britain and Northern Ireland,GB,GBR,826,150,154
United States Minor Outlying Islands,UM,UMI,581,9,57
United States of America,US,USA,840,19,21
Uruguay,UY,URY,858,19,419
Uzbekistan,UZ,UZB,860,142,143
Vanuatu,VU,VUT,548,9,54
Venezuela (Bolivarian Republic of),VE,VEN,862,19,419
Viet Nam,VN,VNM,704,142,35
Virgin Islands (British),VG,VGB,92,19,419
Virgin Islands (U.S.),VI,VIR,850,19,419
Wallis and Futuna,WF,WLF,876,9,61
Western Sahara,EH,ESH,732,2,15
Yemen,YE,YEM,887,142,145
Zambia,ZM,ZMB,894,2,202
Zimbabwe,ZW,ZWE,716,2,202
